id,name,email,phone,salary
1,John Doe,johndoe@example.com,123-456-7890,50000
2,Jane Smith,janesmith@example.com,234-567-8901,52000
3,Michael Johnson,michaelj@example.com,345-678-9012,48000
4,Emily Davis,emilyd@example.com,456-789-0123,51000
5,Robert Brown,robertb@example.com,567-890-1234,53000
6,Linda Wilson,lindaw@example.com,678-901-2345,55000
7,David Miller,davidm@example.com,789-012-3456,60000
8,Susan Martinez,susanm@example.com,890-123-4567,57000
9,James Anderson,jamesa@example.com,901-234-5678,59000
10,Patricia Thomas,patriciat@example.com,012-345-6789,61000
11,William Taylor,williamt@example.com,123-456-7891,62000
12,Barbara Moore,barbaram@example.com,234-567-8902,64000
13,Charles Jackson,charlesj@example.com,345-678-9013,65000
14,Jessica White,jessicaw@example.com,456-789-0124,67000
15,Daniel Harris,danielh@example.com,567-890-1235,68000
16,Nancy Clark,nancyc@example.com,678-901-2346,69000
17,Matthew Lewis,matthewl@example.com,789-012-3457,70000
18,Elizabeth Walker,elizabethw@example.com,890-123-4568,71000
19,Anthony Hall,anthonyh@example.com,901-234-5679,73000
20,Mary Allen,marya@example.com,012-345-6790,74000
21,Christopher Young,christophery@example.com,123-456-7892,75000
22,Kimberly Hernandez,kimberlyh@example.com,234-567-8903,6000
23,Joshua King,joshuak@example.com,345-678-9014,78000
24,Ashley Wright,ashleyw@example.com,456-789-0125,79000
25,Andrew Lopez,andrewl@example.com,567-890-1236,80000
26,Stephanie Scott,stephanies@example.com,678-901-2347,81000
27,Joseph Green,josephg@example.com,789-012-3458,82000
28,Sarah Adams,saraha@example.com,890-123-4569,83000
29,Thomas Baker,thomasb@example.com,901-234-5670,84000
30,Angela Gonzalez,angelag@example.com,012-345-6791,85000
31,Kevin Nelson,kevinn@example.com,123-456-7893,86000
32,Michelle Carter,michellec@example.com,234-567-8904,87000
33,Brian Mitchell,brianm@example.com,345-678-9015,8000
34,Laura Perez,laurap@example.com,456-789-0126,9000
35,Eric Roberts,ericr@example.com,567-890-1237,90000
36,Amanda Campbell,amandac@example.com,678-901-2348,91000
37,Mark Rodriguez,markr@example.com,789-012-3459,92000
38,Rebecca Evans,rebeccae@example.com,890-123-4570,1000
39,Steven Edwards,stevene@example.com,901-234-5671,4000
40,Melissa Collins,melissac@example.com,012-345-6792,5000
